Miles,"Tacoma, WA ","Portland, OR ","New Orleans, LA ","Huntsville, AL "
West River Transit,999,999,79.4,999
Vision Transportation of Elk River | Big Lake | Rogers | Zimmerman,999,999,62.54,999
River Cities Public Transit,999,999,70.96,999
Two Rivers Transportation,999,999,62,999
Blue Rivers Public Transportation,999,999,52.63,999
"Transport 360, LLC.",999,999,48.9,999
"Five Rivers Transport, LLC",999,999,46.59,999
East Side River Transportation Inc,999,999,38.67,999
River City Transportation,999,999,51.34,999
River Transportation Co,999,999,44.99,999
