Name,Adress
West River Transit,"3750 E Rosser Ave, Bismarck, ND 58501"
Vision Transportation of Elk River | Big Lake | Rogers | Zimmerman,"12508 Elk Lake Rd NW, Elk River, MN 55330"
River Cities Public Transit,"1600 E Dakota Ave, Pierre, SD 57501"
Two Rivers Transportation,"891 2 Rivers Dr, North Sioux City, SD 57049"
Blue Rivers Public Transportation,"107 S 9th St, Nebraska City, NE 68410"
"Transport 360, LLC.","1616 Stockyards Expy, St Joseph, MO 64501"
"Five Rivers Transport, LLC","919 S 26th St, Kansas City, KS 66106"
East Side River Transportation Inc,"15 Bronze Pointe N A, Swansea, IL 62226"
River City Transportation,"1121 N 5th St, Clinton, IA 52732"
River Transportation Co,"5297 River Rd, Cincinnati, OH 45233"
